Total, Raycast, Update_cache, Inflation, PointCloudNumber, CacheNumber, InflationNumber
0.113592, 0.00269596, 0.104336, 0.0764017, 7283, 64817, 8.01837e+06
0.0595785, 0.00353474, 0.056043, 0.0409911, 7706, 67895, 4.40242e+06
0.0548056, 0.00256015, 0.0522447, 0.0382985, 7679, 67010, 3.09419e+06
0.0266782, 0.00296529, 0.023712, 0.0163458, 7315, 64719, 2.07095e+06
0.0205153, 0.00273895, 0.0177756, 0.011889, 7749, 68818, 1.57182e+06
0.016555, 0.00276572, 0.0137884, 0.00889197, 7671, 67959, 1.10651e+06
0.0145251, 0.00248966, 0.0120344, 0.00768013, 7741, 68297, 953127
0.0130907, 0.0028311, 0.0102585, 0.006317, 7747, 67969, 763953
0.0170896, 0.00479756, 0.0122911, 0.00695604, 7735, 67417, 500487
0.00942239, 0.00273592, 0.0066856, 0.00372034, 7793, 67949, 451779
0.00809395, 0.00263847, 0.00545421, 0.00281117, 7640, 67197, 328533
0.00976812, 0.00271872, 0.00704861, 0.00352762, 7577, 66666, 301104
0.00793984, 0.00256621, 0.00537279, 0.0025614, 7448, 66195, 278226
0.00677663, 0.00247, 0.00430541, 0.00204471, 7622, 66484, 230994
0.0060679, 0.00244811, 0.00361891, 0.00158238, 7536, 66024, 176751
0.00617635, 0.00252028, 0.00365503, 0.00153214, 7740, 68346, 169371
0.00663525, 0.00346593, 0.00316823, 0.00122472, 7270, 64600, 126690
0.00515369, 0.0023002, 0.00285254, 0.00103944, 7060, 62365, 104673
0.00722827, 0.0042167, 0.0030093, 0.00109977, 7898, 68543, 110208
0.00547483, 0.00264881, 0.00282492, 0.000972863, 7838, 68810, 98523
0.00592073, 0.00325379, 0.0026654, 0.000824085, 7524, 67698, 84255
0.00538255, 0.00234227, 0.00303961, 0.000828837, 7192, 63996, 58917
0.00513986, 0.00261578, 0.00252332, 0.00078984, 7677, 67058, 79458
0.00525089, 0.00251377, 0.00273634, 0.000876619, 7687, 68311, 83148
0.00708274, 0.00254232, 0.00453964, 0.00183738, 7521, 66441, 159285
0.00713159, 0.00232282, 0.00480793, 0.00236887, 7040, 62685, 267033
0.00928241, 0.00292163, 0.00635997, 0.0032939, 7750, 68636, 367278
0.00974065, 0.00311652, 0.0066233, 0.00361559, 7929, 69791, 406884
0.0162888, 0.00435423, 0.011933, 0.00652876, 7630, 67775, 433083
0.00946416, 0.00263119, 0.00683221, 0.0038488, 7650, 67472, 474042
0.00976725, 0.00249159, 0.00727494, 0.00409975, 7772, 69228, 493968
0.00904252, 0.00248639, 0.00655546, 0.00360208, 7691, 69269, 432960
0.00921136, 0.00245961, 0.00675085, 0.00353844, 7548, 67231, 370599
0.00844403, 0.00244412, 0.00599907, 0.00315976, 7406, 65918, 355347
0.00854657, 0.00291803, 0.00562689, 0.00293963, 7634, 67956, 334683
0.00730926, 0.00256853, 0.0047399, 0.00236068, 7796, 69950, 270108
0.00820426, 0.00259041, 0.00561312, 0.00281364, 7823, 69441, 298152
0.00670593, 0.00262864, 0.00407618, 0.00181766, 7503, 66886, 190896
0.00679213, 0.00272914, 0.00406197, 0.00185217, 7035, 63946, 190896
0.00636741, 0.00244336, 0.00392316, 0.00176039, 7402, 66177, 177981
0.00617895, 0.00253672, 0.00364129, 0.00148028, 7557, 68787, 146124
0.00545191, 0.0023549, 0.00309614, 0.00121976, 7294, 65951, 117342
0.00653901, 0.00266828, 0.00386977, 0.00130304, 7768, 69689, 107994
0.00595425, 0.00322027, 0.00273322, 0.000917793, 7828, 69744, 82287
0.00560781, 0.00282335, 0.00278269, 0.000870646, 7697, 68748, 74907
0.00806755, 0.00281177, 0.00229123, 0.000635937, 7123, 64711, 54366
0.00483226, 0.00255241, 0.0022791, 0.000554911, 7698, 68949, 46248
0.00518745, 0.00253265, 0.00265392, 0.00065018, 7661, 68065, 46248
0.00477921, 0.00268782, 0.00209031, 0.000368191, 7861, 69571, 26076
0.00447512, 0.00251137, 0.0019631, 0.000386805, 7630, 68779, 29151
0.0046481, 0.00260193, 0.00204526, 0.000371163, 7390, 67386, 26814
0.00460081, 0.00257017, 0.00202982, 0.000323603, 7843, 70220, 22755
0.00450962, 0.00265942, 0.00184901, 0.000228204, 7692, 69319, 15621
0.00493576, 0.00272902, 0.00220599, 0.000283323, 7399, 66729, 14760
0.00404654, 0.00236419, 0.00168163, 0.000134799, 7118, 64995, 7995
0.00410559, 0.00251359, 0.00159124, 0.000110245, 7514, 67835, 6396
0.00419924, 0.00256323, 0.00163527, 0.000128146, 7733, 69540, 7872
0.00414675, 0.0025443, 0.00160176, 0.000106384, 7855, 70377, 6888
0.00731372, 0.00409239, 0.00321992, 0.000204754, 7599, 69668, 7626
0.00419591, 0.00261329, 0.00158171, 0.000123575, 7701, 69639, 7872
0.00432476, 0.00265374, 0.00166988, 9.3441e-05, 7799, 69339, 5781
0.00481665, 0.00251915, 0.00229655, 0.000122803, 7665, 68381, 5412
0.00453251, 0.0026945, 0.00183715, 7.0534e-05, 7795, 69141, 3813
0.004198, 0.00271472, 0.00148247, 5.0462e-05, 7815, 70258, 2829
0.00485016, 0.00274575, 0.00210344, 9.1391e-05, 7386, 66191, 3813
0.00426326, 0.00267576, 0.00158667, 6.2015e-05, 7745, 69723, 4059
0.00412145, 0.00254807, 0.00157242, 7.2879e-05, 7643, 69308, 4182
0.00419375, 0.00254253, 0.0016505, 5.0684e-05, 7746, 69091, 2829
0.00422693, 0.00261783, 0.00160818, 4.9995e-05, 7520, 67283, 2460
0.0041096, 0.00257579, 0.00153305, 4.2431e-05, 7881, 68466, 2583
0.00478526, 0.00260473, 0.00217882, 6.94e-05, 7526, 68240, 3198
0.00408397, 0.00247648, 0.00160671, 4.358e-05, 7667, 68749, 3075
0.00525547, 0.00253803, 0.0027164, 4.662e-05, 7771, 69755, 2337
0.00415534, 0.00265083, 0.00150367, 4.6198e-05, 7433, 67441, 3198
0.00447953, 0.00295828, 0.00152028, 3.6675e-05, 7129, 64976, 2091
0.00415469, 0.00256924, 0.00158474, 5.0038e-05, 7874, 69305, 2706
0.00445113, 0.0028302, 0.00162018, 2.5022e-05, 7806, 70494, 1722
0.00413221, 0.00255611, 0.00157518, 3.3996e-05, 7776, 68861, 1845
0.00845354, 0.00455474, 0.00389723, 0.000685511, 7844, 69247, 33087
0.00511779, 0.00268315, 0.00243385, 0.000321447, 7647, 68842, 19926
0.00437983, 0.00248756, 0.0018914, 0.000414746, 7277, 64729, 35301
0.00503821, 0.0028234, 0.00221376, 0.000349813, 7868, 69591, 22632
0.00441207, 0.00256829, 0.00184296, 0.000209349, 7699, 69125, 15129
0.00484184, 0.00299709, 0.00184399, 0.000226302, 7762, 69832, 15252
0.00485607, 0.00281891, 0.00203629, 0.000438656, 7813, 69721, 39237
0.00410275, 0.00246611, 0.00163584, 0.000177356, 7595, 69212, 13284
0.00633791, 0.00406711, 0.0022699, 0.000244282, 7829, 69680, 12792
0.00476217, 0.00262141, 0.00213999, 0.000261712, 7140, 64786, 15129
0.00578087, 0.00381956, 0.00196044, 0.000341016, 7125, 64976, 25830
0.00437831, 0.00248068, 0.00189687, 0.000306507, 7681, 68533, 24600
0.00508184, 0.00310039, 0.00198017, 0.000306898, 7865, 69298, 23370
0.0048505, 0.00318766, 0.00166205, 0.00012011, 7444, 66999, 7257
0.0126257, 0.00289568, 0.00972902, 0.00580666, 7747, 70879, 731850
0.0126432, 0.00300072, 0.00964141, 0.00580479, 7840, 71295, 750546
0.00945912, 0.00263825, 0.00681996, 0.00376464, 7459, 68753, 475026
0.00678451, 0.00262799, 0.00415556, 0.00178744, 7723, 69055, 214635
0.0063614, 0.00243645, 0.00392419, 0.00127878, 7211, 64932, 122385
0.00576279, 0.00299185, 0.00277005, 0.000859017, 7485, 66555, 88683
0.00492327, 0.00261287, 0.00230919, 0.000574426, 7746, 68183, 55719
0.0073621, 0.00245574, 0.00490561, 0.00243114, 7121, 64328, 285729
0.00709203, 0.0027043, 0.00438697, 0.00193609, 7721, 67912, 229149
0.00721406, 0.00263879, 0.00457461, 0.00199759, 7723, 66540, 213036
0.00641031, 0.00264135, 0.0037679, 0.00149988, 7734, 67602, 165681
0.00532747, 0.00246805, 0.00285859, 0.000948308, 7538, 66666, 102090
0.00619164, 0.00257969, 0.00361114, 0.000819356, 7745, 66580, 57933
0.0048712, 0.00253152, 0.00233888, 0.000587992, 7729, 67137, 62484
0.00572399, 0.00259784, 0.00312464, 0.000833918, 7366, 65684, 59532
0.00495936, 0.00250005, 0.00245844, 0.000675716, 7711, 67724, 68634
0.00661698, 0.00345785, 0.00315795, 0.000911338, 7759, 67813, 86223
0.0047661, 0.00262822, 0.00213709, 0.00051306, 7393, 65221, 49200
0.00480615, 0.00256284, 0.0022424, 0.000513152, 7810, 67980, 48708
0.00674784, 0.00269173, 0.00405547, 0.0017586, 7795, 67444, 211068
0.0131072, 0.0029574, 0.0101488, 0.00616011, 7416, 68264, 801591
0.0137559, 0.00283875, 0.0109161, 0.00665501, 7666, 70654, 852144
0.0111127, 0.00276448, 0.00834729, 0.00451525, 7884, 71346, 457191
0.0240367, 0.00255179, 0.00879672, 0.0136745, 7043, 67560, 1.52212e+06
0.00937224, 0.0026623, 0.00670914, 0.00352307, 7510, 70302, 432960
0.0091849, 0.00250631, 0.00667779, 0.00349365, 7092, 66177, 331854
0.00823165, 0.00282162, 0.00540913, 0.00257691, 7652, 69905, 298152
0.00665546, 0.00243719, 0.00421737, 0.00189566, 7077, 64994, 223368
0.00761337, 0.00266667, 0.00494589, 0.00235974, 7891, 71770, 280932
0.0355773, 0.00277981, 0.0107545, 0.0222257, 7783, 74578, 2.65397e+06
0.011676, 0.00268983, 0.00898505, 0.00529005, 7365, 70185, 653991
0.0100715, 0.00274179, 0.0073288, 0.00410218, 7481, 71112, 488556
0.00926462, 0.00277177, 0.00649196, 0.0034707, 7773, 73357, 408975
0.00996494, 0.00269651, 0.00726773, 0.0041168, 7873, 73691, 499503
0.0138505, 0.002846, 0.0110036, 0.00675654, 7763, 72921, 798885
0.0194036, 0.00268168, 0.0167209, 0.0110247, 7357, 72165, 1.37403e+06
0.0141716, 0.00359482, 0.0105758, 0.00653298, 7690, 73147, 822747
0.0107069, 0.00261713, 0.00808892, 0.00448031, 7175, 68194, 449811
0.00781627, 0.00254445, 0.00527085, 0.00254972, 7067, 68732, 293355
0.00911651, 0.00327111, 0.00584451, 0.00278523, 7364, 70996, 306147
0.00761418, 0.00245759, 0.00515591, 0.00242139, 7076, 67355, 279948
0.0126341, 0.00287687, 0.00975631, 0.00560946, 7645, 73044, 672933
0.0113122, 0.00296475, 0.00834659, 0.00458045, 7742, 73397, 491631
0.015237, 0.00259438, 0.0126418, 0.00779231, 7141, 70556, 940212
0.0189493, 0.00293235, 0.016016, 0.0103034, 7252, 73610, 1.32188e+06
0.0210431, 0.00345821, 0.0175841, 0.0113616, 7638, 77616, 1.38535e+06
0.0180644, 0.00313034, 0.0149333, 0.00927749, 7808, 79381, 1.18806e+06
0.0162204, 0.00288186, 0.0133377, 0.00817475, 7776, 77101, 1.03812e+06
0.0147142, 0.00281622, 0.0118971, 0.00723196, 7639, 76376, 912660
0.0125974, 0.0028574, 0.0097393, 0.00572536, 7788, 77151, 703560
0.0119553, 0.0028244, 0.00912999, 0.00508809, 7634, 74260, 585234
0.0112834, 0.00284087, 0.00844155, 0.00460237, 7618, 74692, 484866
0.0109906, 0.00339272, 0.00759665, 0.00419955, 7837, 75951, 483144
0.0103674, 0.00276103, 0.00760555, 0.00408976, 7676, 75151, 487080
0.00990713, 0.00268525, 0.00722114, 0.00387523, 7477, 71919, 471582
0.00797196, 0.00270831, 0.0052628, 0.00254283, 7140, 68352, 299874
0.0112564, 0.00431338, 0.00694187, 0.00294824, 7533, 72686, 194832
0.00770076, 0.00279978, 0.00490014, 0.00218289, 7695, 73465, 249936
0.00897255, 0.00326326, 0.0057083, 0.00277326, 7430, 73654, 320415
0.0103376, 0.00297507, 0.00736165, 0.0038381, 7679, 76657, 429639
0.00905524, 0.00293813, 0.00611615, 0.00297675, 7717, 74988, 350919
0.00772049, 0.00274901, 0.00497069, 0.0022626, 7186, 70339, 257439
0.0077056, 0.00280623, 0.00489861, 0.00213174, 7795, 75473, 246369
0.00686126, 0.00291899, 0.00394095, 0.00132955, 7688, 74456, 126198
0.00510747, 0.0027436, 0.00236308, 0.00053247, 7610, 73163, 44526
0.00485896, 0.00267154, 0.00218621, 0.000364582, 7665, 70584, 31365
0.00518055, 0.00282646, 0.00235288, 0.000432705, 7674, 71354, 34317
0.00677792, 0.00354784, 0.00322898, 0.00075026, 7769, 73566, 62484
0.00515074, 0.00249471, 0.00265514, 0.00061607, 7042, 66810, 55965
0.00522099, 0.00266541, 0.00255489, 0.000591011, 7648, 71342, 55965
0.0359167, 0.00273356, 0.00647276, 0.0223197, 7742, 74296, 2.66295e+06
0.00813056, 0.00269558, 0.00543344, 0.00274704, 7740, 73958, 328902
0.00771938, 0.00288725, 0.00483119, 0.0023621, 7756, 73316, 290649
0.00745467, 0.00287384, 0.00457964, 0.00204483, 7759, 72281, 236652
0.00738491, 0.00302194, 0.00436186, 0.00196315, 7602, 72078, 228411
0.00740037, 0.00264875, 0.00475076, 0.00209696, 7532, 69767, 212175
0.0819309, 0.00444145, 0.0210051, 0.0511562, 7727, 74014, 4.2066e+06
0.010001, 0.00281465, 0.00718571, 0.00402469, 7787, 74627, 461250
0.00930302, 0.00296478, 0.00633749, 0.00346446, 7080, 69119, 416478
0.00912089, 0.00267824, 0.00644198, 0.00344911, 7515, 71209, 412419
0.00845565, 0.00251228, 0.00594259, 0.00313633, 7112, 68906, 373428
0.00827332, 0.00312725, 0.00514407, 0.00253645, 7000, 66914, 277242
0.00898162, 0.00281457, 0.00616622, 0.00306843, 7466, 70235, 326319
0.0706679, 0.00369296, 0.0124484, 0.0406338, 7660, 73085, 4.5986e+06
0.0111704, 0.00352723, 0.00764229, 0.00439294, 7217, 69733, 540831
0.00995601, 0.00302995, 0.00692523, 0.00385211, 7233, 70545, 470721
0.0114102, 0.00440221, 0.00700673, 0.00380379, 7728, 72515, 422505
0.00830358, 0.00270907, 0.00559362, 0.00283546, 7703, 71137, 335175
0.00892564, 0.00249647, 0.00642836, 0.00333065, 7158, 68576, 372813
0.00788107, 0.00280236, 0.00507787, 0.00250242, 7687, 71277, 290157
0.00962044, 0.00266679, 0.00695285, 0.00349505, 7752, 70433, 292617
0.0887246, 0.00472582, 0.0151318, 0.0629585, 7579, 73429, 5.51274e+06
0.011679, 0.0027657, 0.00891281, 0.00523749, 7811, 75253, 642552
0.0098514, 0.00272646, 0.00712414, 0.00407187, 7781, 72635, 510696
0.00979552, 0.00278796, 0.0070067, 0.00383637, 7769, 72134, 436896
0.0092034, 0.00251192, 0.00669065, 0.00363747, 7118, 67771, 435912
0.0110008, 0.00370062, 0.00729875, 0.00401365, 7403, 70094, 469245
0.00900318, 0.00293306, 0.00606932, 0.00322494, 7809, 71417, 389049
0.00909018, 0.00256517, 0.00652415, 0.00357703, 7324, 69230, 361743
0.0753468, 0.00382847, 0.0194733, 0.0534135, 7076, 68151, 4.54633e+06
0.0114972, 0.00274885, 0.00874785, 0.00499852, 7808, 74113, 588186
0.0101152, 0.00269594, 0.00741857, 0.00414509, 7778, 73551, 477609
0.00904307, 0.00252157, 0.00652064, 0.00350417, 7114, 67590, 413649
0.00998805, 0.00289329, 0.00709383, 0.00391639, 7838, 72057, 480069
0.0109422, 0.00272414, 0.00821715, 0.00452345, 7746, 70864, 502086
0.00866574, 0.0029258, 0.00573903, 0.00277776, 7368, 67461, 332838
0.0627504, 0.0109558, 0.0169766, 0.0365558, 7858, 76105, 3.69443e+06
0.0116737, 0.00268113, 0.00899172, 0.00506305, 7683, 73069, 620412
0.0101533, 0.00276913, 0.00738336, 0.00408099, 7656, 71743, 506268
0.0103742, 0.00299483, 0.00737849, 0.0037484, 7188, 68349, 375519
0.00902179, 0.00324414, 0.00577678, 0.00304025, 7192, 67265, 337635
0.00803426, 0.00238263, 0.0056509, 0.00293314, 7067, 66808, 345999
0.00788423, 0.00257767, 0.00530591, 0.00271272, 7365, 69043, 323736
0.0512967, 0.00245982, 0.0180063, 0.0316298, 6977, 68500, 3.467e+06
0.011266, 0.00269645, 0.00856875, 0.00488971, 7754, 73282, 569367
0.0101193, 0.00268272, 0.00743588, 0.00409151, 7767, 73051, 475641
0.012628, 0.00409054, 0.00853641, 0.00456485, 7164, 69067, 397290
0.00850634, 0.00319999, 0.00530524, 0.00273442, 7630, 70733, 334191
0.0076956, 0.00264367, 0.00505118, 0.00250545, 7743, 71277, 303810
0.00741981, 0.00261067, 0.00480839, 0.00216354, 7697, 69871, 240957
0.0607211, 0.00408131, 0.0132426, 0.0400736, 7086, 67723, 4.36453e+06
0.0104025, 0.00272289, 0.00767883, 0.00448954, 7807, 71253, 569121
0.0103804, 0.00328202, 0.00709748, 0.00411455, 7651, 69870, 506883
0.00945115, 0.00254804, 0.00690241, 0.003869, 7659, 68605, 450918
0.0115704, 0.00296902, 0.00860016, 0.0046765, 7803, 67691, 426810
0.0080142, 0.00259363, 0.00541973, 0.00287214, 7266, 65218, 345876
0.0085864, 0.00278815, 0.00579716, 0.00309728, 7505, 65906, 360513
0.0781735, 0.00349897, 0.016518, 0.052934, 7509, 67970, 5.11545e+06
0.0123049, 0.0030754, 0.00922854, 0.00549938, 7733, 69381, 655713
0.0109053, 0.00257091, 0.00833359, 0.00504974, 7790, 68373, 529269
0.00885841, 0.00240631, 0.00645129, 0.00351538, 7104, 64123, 404424
0.00853892, 0.00241693, 0.00612121, 0.00333714, 7125, 64099, 407376
0.00851693, 0.00269517, 0.00582079, 0.0030835, 7319, 65514, 362727
0.00751856, 0.00255387, 0.00496376, 0.00257973, 7533, 67804, 313896
0.00716755, 0.00245829, 0.00470776, 0.0022345, 7030, 61831, 245631
0.0772575, 0.00403482, 0.0160684, 0.0521678, 7081, 65477, 5.3799e+06
0.0111865, 0.00255596, 0.00862969, 0.00515838, 7167, 67778, 644766
0.00918488, 0.00239684, 0.00678718, 0.00392929, 7081, 64852, 493353
0.00957435, 0.00302232, 0.00655116, 0.00373141, 7645, 69064, 469368
0.00960123, 0.00257811, 0.00702234, 0.00386174, 7594, 68482, 398151
0.00914348, 0.00263306, 0.00650968, 0.00315412, 7762, 69579, 366540
0.00724246, 0.00266678, 0.0045747, 0.00221265, 7363, 65766, 263466
0.0870579, 0.00337379, 0.0188501, 0.0555685, 7836, 73890, 5.63795e+06
0.0129343, 0.00259116, 0.0103425, 0.00628184, 7655, 70865, 612540
0.0115378, 0.00326966, 0.00826705, 0.00475537, 7798, 71816, 589047
0.010534, 0.00268183, 0.00785058, 0.0043616, 7893, 70455, 491016
0.0113514, 0.00269674, 0.00865385, 0.00468018, 7364, 68587, 445506
0.00939615, 0.00260203, 0.00679341, 0.00354301, 7667, 70030, 401226
0.0105084, 0.00307321, 0.00743443, 0.00389811, 7779, 70670, 430377
0.00934923, 0.00259712, 0.00675132, 0.00353539, 7762, 70202, 407253
0.0792261, 0.00759596, 0.0123841, 0.0488284, 7723, 71716, 4.40524e+06
0.0114941, 0.00272047, 0.00877291, 0.00479191, 7583, 70652, 534312
0.00983295, 0.00295848, 0.00687343, 0.00386719, 7617, 69017, 470475
0.0103819, 0.00389692, 0.00648402, 0.00336176, 7707, 69979, 363711
0.00777643, 0.00250037, 0.00527524, 0.00273578, 7236, 67274, 323613
0.00798222, 0.00319732, 0.00478406, 0.0022622, 7820, 70697, 252027
0.0128504, 0.00416447, 0.00868446, 0.00426215, 7680, 67444, 288558
0.0682762, 0.00722842, 0.0175381, 0.0429455, 7771, 73371, 4.79749e+06
0.0113416, 0.00272527, 0.00861556, 0.005127, 7768, 71126, 622380
0.00972906, 0.00265815, 0.00706986, 0.00401455, 7490, 69078, 487818
0.00931183, 0.00256791, 0.00674299, 0.00374379, 7393, 69050, 439725
0.00857877, 0.00272422, 0.00585377, 0.00296796, 7639, 70572, 340341
0.00843884, 0.00262009, 0.00581791, 0.0030669, 7661, 69272, 364203
0.00848537, 0.0027217, 0.00576302, 0.00288111, 7814, 70507, 311928
0.0886087, 0.00388962, 0.0183201, 0.0582507, 7744, 74161, 5.53586e+06
0.0134792, 0.00342035, 0.0100578, 0.0060394, 7633, 72436, 747840
0.0122785, 0.0040234, 0.00825355, 0.00482277, 7813, 73366, 592245
0.00890969, 0.00252664, 0.00638206, 0.00353612, 7425, 69120, 424227
0.00943426, 0.00297102, 0.00646242, 0.00349529, 7756, 72502, 423366
0.00882929, 0.00314606, 0.0056823, 0.0028957, 7149, 68026, 340218
0.00982828, 0.00294405, 0.00688319, 0.00362333, 7706, 71960, 410205
0.00740988, 0.00252299, 0.00488577, 0.00244132, 7065, 64956, 264573
0.0746703, 0.00417804, 0.0190511, 0.051566, 7821, 77186, 5.18445e+06
0.017514, 0.00280174, 0.0147116, 0.00931231, 7108, 70977, 1.03049e+06
0.0139555, 0.00298779, 0.0109666, 0.00652485, 7291, 71178, 777606
0.0166032, 0.0027447, 0.0138577, 0.00871588, 7290, 72589, 1.02102e+06
0.0206644, 0.00287176, 0.0177916, 0.0116005, 7059, 70950, 1.37735e+06
0.0180433, 0.00262738, 0.0154151, 0.0098675, 7118, 71169, 1.17342e+06
0.014558, 0.00282266, 0.0117345, 0.00729492, 7680, 75620, 797901
0.0129663, 0.0027407, 0.0102244, 0.00608729, 7600, 74308, 738000
0.0134899, 0.00435625, 0.00913286, 0.00487608, 7627, 73612, 523857
0.0110895, 0.0029821, 0.00810659, 0.00408154, 7843, 75140, 391386
0.01032, 0.00271484, 0.00760426, 0.00393561, 7682, 73590, 429270
0.0113662, 0.00279455, 0.00857073, 0.00462224, 7606, 73212, 506760
0.0110134, 0.00275839, 0.00825412, 0.00433772, 7302, 71190, 486588
0.011882, 0.0032825, 0.00859877, 0.00458632, 7491, 72936, 464325
0.0157218, 0.00394931, 0.0117714, 0.00623306, 7672, 73150, 447597
0.00945612, 0.00288243, 0.00657281, 0.00317532, 7803, 74794, 329517
0.00737461, 0.00283402, 0.00453975, 0.00200206, 7810, 73807, 223737
0.0548727, 0.00303088, 0.0189121, 0.0378824, 7426, 74093, 3.3595e+06
0.0111301, 0.00297232, 0.00815705, 0.0045882, 7443, 74798, 569121
0.0117882, 0.00272666, 0.00906048, 0.00532316, 7248, 72856, 640830
0.0146964, 0.00278903, 0.0119066, 0.0072437, 7193, 74094, 912906
0.0160492, 0.0032781, 0.012769, 0.00777997, 7560, 77173, 889167
0.0103625, 0.00261764, 0.00774408, 0.00432209, 7041, 69904, 522381
0.011953, 0.0027699, 0.00918225, 0.00494689, 7767, 75063, 564201
0.0105127, 0.00359688, 0.0069148, 0.0034716, 7719, 76268, 375273
0.00759483, 0.00274311, 0.00485074, 0.00218601, 7672, 75188, 248214
0.0066663, 0.00279538, 0.00386959, 0.00149692, 7099, 68774, 168879
0.00649392, 0.00279585, 0.00369724, 0.00134737, 7908, 74697, 154488
0.00678948, 0.00303463, 0.00375393, 0.00119236, 7687, 72698, 125706
0.00582435, 0.00264667, 0.0031766, 0.000981547, 7653, 70625, 100491
0.00584611, 0.0027161, 0.00312929, 0.000919382, 7812, 71967, 93972
0.00681155, 0.00305635, 0.00375421, 0.00104904, 7678, 70672, 85731
0.00591117, 0.00327251, 0.00263781, 0.000666887, 7726, 70378, 68388
0.00534393, 0.00270281, 0.00264032, 0.000676607, 7727, 72233, 66051
0.00509109, 0.00272005, 0.00236916, 0.000538421, 7139, 65123, 48585
0.00516393, 0.00309688, 0.0020661, 0.000442362, 7051, 64740, 39237
0.00492208, 0.00269863, 0.00222218, 0.00045417, 7141, 66413, 38868
0.00526505, 0.00267711, 0.00258675, 0.000477838, 7761, 70538, 37761
0.0521921, 0.00294356, 0.00641011, 0.0357378, 7673, 72745, 3.24142e+06
0.00832094, 0.00264548, 0.00567457, 0.0026316, 7643, 73452, 279087
0.00797992, 0.00327573, 0.00470313, 0.00204197, 7717, 72453, 231486
0.00768128, 0.00280828, 0.0048721, 0.00197808, 7745, 72463, 208116
0.0074528, 0.00306751, 0.00438446, 0.00161191, 7759, 73261, 177243
0.00598275, 0.0025524, 0.00342964, 0.00119811, 7218, 70059, 133947
0.00637983, 0.00286148, 0.00351729, 0.00120933, 7794, 73301, 126690
0.00598608, 0.00273701, 0.00324849, 0.00105163, 7870, 73579, 109716
0.00744557, 0.00381185, 0.0036327, 0.00103959, 7719, 73457, 97662
0.0072449, 0.00302213, 0.00422168, 0.00109902, 7079, 66373, 74046
0.00571791, 0.0029851, 0.00273189, 0.000774815, 7823, 73658, 79212
0.00701628, 0.0040096, 0.00300571, 0.000734457, 7628, 72789, 65928
0.00491555, 0.00255584, 0.00235858, 0.00060534, 7197, 68275, 58425
0.00589221, 0.0027439, 0.00314735, 0.000620987, 7804, 73658, 51168
0.00535684, 0.00309779, 0.0022583, 0.00053178, 7333, 69436, 48831
0.00640238, 0.00354246, 0.00285907, 0.000606594, 7726, 71900, 46248
0.00482929, 0.00252663, 0.00230139, 0.00044727, 7147, 67880, 37146
0.00507144, 0.00283628, 0.00223414, 0.000349783, 7674, 72766, 29028
0.00501698, 0.00279184, 0.00222389, 0.000378943, 7732, 72657, 32103
0.00494811, 0.00250754, 0.00243972, 0.000422779, 7061, 68300, 31242
0.00490359, 0.00260699, 0.0022959, 0.000449538, 7574, 72148, 38253
0.00507188, 0.00293506, 0.00213603, 0.000332075, 7115, 68515, 26199
0.0068728, 0.003624, 0.00324801, 0.000567508, 7820, 73094, 28044
0.00548326, 0.00335192, 0.00213062, 0.000315215, 7634, 72544, 23124
0.00499605, 0.00260159, 0.00239369, 0.000316142, 7258, 67884, 23985
0.0053889, 0.00289808, 0.00249, 0.000517294, 7780, 72141, 48831
0.00563836, 0.00288894, 0.00274817, 0.00054224, 7769, 71678, 45141
0.00501148, 0.00266848, 0.00234216, 0.000450781, 7786, 71328, 40344
0.00552455, 0.00258207, 0.00294183, 0.000389198, 7543, 69654, 22509
0.00509978, 0.00269595, 0.00240284, 0.000427498, 7754, 70700, 35670
0.00491768, 0.00283461, 0.00208225, 0.000236169, 7715, 68905, 16482
0.00549937, 0.00342308, 0.00207548, 0.000216444, 7789, 70385, 14022
0.00464075, 0.00272089, 0.00191902, 0.000194574, 7679, 68553, 12546
0.00443042, 0.00248775, 0.00194197, 0.000316814, 7351, 65498, 25830
0.00491027, 0.00269293, 0.00221631, 0.000372431, 7764, 68444, 32349
0.0726053, 0.00483383, 0.00849274, 0.0474348, 7731, 72194, 3.69049e+06
0.00802162, 0.00346513, 0.00455523, 0.00202413, 7522, 68699, 208977
0.00708696, 0.00305251, 0.00403343, 0.0018134, 7742, 68912, 194586
0.00665593, 0.00266242, 0.00399244, 0.0016186, 7754, 69979, 187698
0.00566298, 0.00248054, 0.00318148, 0.00125476, 7127, 63463, 140712
0.00753868, 0.00311216, 0.00442565, 0.00159246, 7230, 62662, 123369
0.0059669, 0.00240617, 0.00355999, 0.00135552, 7284, 64084, 143295
0.0705752, 0.0138293, 0.012494, 0.0388275, 7658, 69981, 4.50758e+06
0.00907373, 0.00253662, 0.00653632, 0.00352313, 7373, 65888, 439110
0.00890198, 0.00308201, 0.00581867, 0.00292491, 6977, 63048, 321891
0.0069322, 0.0023586, 0.00457283, 0.00223401, 7128, 62239, 277365
0.0111845, 0.00386255, 0.00732104, 0.00331328, 7361, 62756, 234315
0.00740585, 0.00260836, 0.00479672, 0.00237263, 7621, 62734, 220662
0.0812804, 0.00814779, 0.0122118, 0.0541067, 7769, 66506, 4.7676e+06
0.00934216, 0.00243629, 0.00690531, 0.00399703, 7492, 65006, 513156
0.0096126, 0.00239659, 0.0072153, 0.00422865, 6931, 60631, 429885
0.0102277, 0.00269907, 0.0075279, 0.00413239, 7727, 65412, 402702
0.00854919, 0.00279424, 0.00575402, 0.00315978, 7876, 66529, 395814
0.00720004, 0.00239463, 0.00480477, 0.00242169, 7706, 62726, 306147
0.00722254, 0.00263643, 0.00458543, 0.00227765, 7810, 63306, 271830
0.0665911, 0.00414988, 0.0155511, 0.0440438, 7506, 65161, 4.25211e+06
0.0129141, 0.0041056, 0.0088075, 0.00521031, 7713, 66686, 645996
0.0121312, 0.00315913, 0.0089712, 0.00526, 7695, 66087, 586095
0.0103276, 0.00280035, 0.00752656, 0.00413927, 7734, 65356, 501471
0.00931256, 0.00276713, 0.00654466, 0.00361916, 7575, 65122, 433944
0.00845968, 0.00246847, 0.00599069, 0.00295828, 7778, 65409, 344277
0.0645598, 0.00328226, 0.0147836, 0.0439975, 7813, 68264, 4.2098e+06
0.0113322, 0.00234252, 0.00898891, 0.00529855, 7049, 63433, 593844
0.0114425, 0.00258622, 0.00885558, 0.00524424, 7710, 68325, 590523
0.0095163, 0.00255301, 0.00696258, 0.00400534, 7775, 67889, 507744
0.00877751, 0.00264769, 0.00612907, 0.00339517, 7781, 67218, 428286
0.00909563, 0.00272859, 0.0063659, 0.00344336, 7554, 64976, 350673
0.00797737, 0.0024701, 0.00550642, 0.00282155, 7177, 63025, 311805
0.00713769, 0.00238077, 0.00475611, 0.00235743, 7523, 63884, 289173
0.0673963, 0.00413053, 0.0134507, 0.0438241, 7108, 64836, 4.71176e+06
0.0135138, 0.00262, 0.010893, 0.00664875, 7879, 70776, 831480
0.0112622, 0.00261935, 0.00864191, 0.00509969, 7319, 66187, 607866
0.0095538, 0.0023405, 0.00721255, 0.00409411, 7218, 62869, 515493
0.00922098, 0.00253026, 0.00668983, 0.00362144, 7865, 67085, 428901
0.00728457, 0.00223228, 0.0050515, 0.00260112, 7048, 60173, 314880
0.0729304, 0.00445707, 0.0147811, 0.0412753, 7033, 61203, 3.86921e+06
0.0119148, 0.00258753, 0.00932638, 0.00567158, 7840, 66093, 702576
0.0117004, 0.00252205, 0.00917747, 0.0056192, 7757, 66810, 700485
0.00971914, 0.00248607, 0.00723236, 0.00420765, 7773, 65622, 520044
0.00989466, 0.00369218, 0.0062015, 0.0031787, 7169, 62560, 368262
0.00781314, 0.00237064, 0.00544169, 0.00282423, 7576, 62891, 345999
0.0838126, 0.00296931, 0.0168047, 0.0593484, 7183, 64748, 4.98839e+06
0.0126903, 0.00253895, 0.0101506, 0.00617682, 7157, 64038, 677115
0.0112985, 0.00235448, 0.00894276, 0.00521704, 7015, 64551, 596304
0.0107923, 0.00245466, 0.00833699, 0.00484742, 7492, 67542, 554361
0.00997092, 0.00273519, 0.00723504, 0.00411301, 7881, 70083, 502332
0.0832526, 0.00340765, 0.017604, 0.0589786, 7800, 72214, 5.3382e+06
0.0133058, 0.0024413, 0.0108636, 0.00670298, 7166, 68087, 842550
0.012961, 0.00264992, 0.0103102, 0.00624511, 7849, 72338, 785109
0.0103771, 0.00246289, 0.00791346, 0.00451629, 7263, 66658, 532221
0.0104479, 0.00296871, 0.00747821, 0.0041901, 7755, 69869, 511926
0.0117487, 0.00337877, 0.00836844, 0.0048004, 7880, 71108, 591507
0.0773232, 0.00291579, 0.0194869, 0.0531577, 7637, 74564, 5.49699e+06
0.0137596, 0.00307133, 0.0106871, 0.00637069, 7334, 70095, 793842
0.0121776, 0.00262734, 0.00954948, 0.00563803, 7578, 71981, 683019
0.0105124, 0.0028798, 0.00763159, 0.00431262, 7084, 66924, 512049
0.00915351, 0.002671, 0.00648134, 0.00352643, 7190, 65944, 426687
0.0636024, 0.00284673, 0.0203225, 0.0368488, 7194, 69205, 4.1531e+06
0.0123685, 0.00270221, 0.00966538, 0.00575646, 7709, 72893, 720903
0.0125597, 0.00375638, 0.00880192, 0.00519904, 7205, 66898, 646488
0.0128616, 0.00271445, 0.0101463, 0.00609106, 7859, 71939, 745503
0.059711, 0.00283232, 0.0238541, 0.0407807, 7723, 73688, 3.94289e+06
0.0167865, 0.00335397, 0.0134316, 0.00841867, 7684, 73068, 1.0578e+06
0.0138188, 0.00250569, 0.0113123, 0.00687777, 7225, 70431, 768258
0.0145506, 0.00270658, 0.0118432, 0.00719483, 7715, 73255, 764937
0.0133871, 0.00269647, 0.0106896, 0.00638426, 7601, 71414, 795810
0.024436, 0.00301852, 0.0214164, 0.0141418, 7682, 75660, 1.76702e+06
0.018476, 0.00277766, 0.0156976, 0.00988511, 7699, 75929, 1.22816e+06
0.0124932, 0.00287464, 0.00961765, 0.00559133, 7735, 74462, 695811
0.00882884, 0.00273402, 0.00609398, 0.00303413, 7779, 73874, 359283
0.0102877, 0.00285364, 0.00743333, 0.00412976, 7710, 72277, 507006
0.0172029, 0.00278106, 0.0144207, 0.00878447, 7724, 73021, 1.03787e+06
0.0117062, 0.00276238, 0.00894313, 0.00507251, 7839, 74800, 626685
0.00645497, 0.00242002, 0.00403408, 0.00167743, 6991, 65807, 182163
0.0066773, 0.00274767, 0.0039288, 0.00155924, 7776, 71222, 169740
0.00633827, 0.00261051, 0.00372681, 0.00145152, 7809, 71294, 156333
0.0559177, 0.0032212, 0.00799415, 0.0367415, 7044, 66892, 2.96393e+06
0.00792479, 0.00274764, 0.00517644, 0.0025618, 7684, 73255, 304425
0.00936862, 0.003734, 0.00563348, 0.00255468, 7876, 72742, 252765
0.00713649, 0.00291261, 0.00422291, 0.00185064, 7704, 73209, 211806
0.00891911, 0.00418602, 0.00473223, 0.00189665, 7655, 72341, 211560
0.00681341, 0.00276115, 0.0040512, 0.00166258, 7797, 73029, 186960
0.00807084, 0.00261561, 0.00545437, 0.00263883, 7633, 70380, 292371
0.0111449, 0.00267464, 0.00846956, 0.00474031, 7656, 71603, 589785
0.0101506, 0.00278779, 0.00736165, 0.00396892, 7531, 71519, 488925
0.0107412, 0.00362788, 0.00711237, 0.00367125, 7643, 72453, 427548
0.00827896, 0.00276404, 0.00551358, 0.00254267, 7405, 69689, 295446
0.00671504, 0.00353709, 0.00317698, 0.00100028, 7828, 72219, 105042
0.00524412, 0.00251497, 0.00272845, 0.000734793, 7447, 69810, 75891
0.00561535, 0.00265158, 0.00296292, 0.000703994, 7702, 71244, 68019
0.0056358, 0.00270217, 0.00293285, 0.000718607, 7932, 73577, 72816
0.00601293, 0.00276723, 0.00324481, 0.000736079, 7676, 71159, 56457
0.00482718, 0.00252491, 0.00230134, 0.000540352, 7393, 68384, 51783
0.0471452, 0.00944718, 0.010123, 0.0237895, 7836, 75882, 2.78398e+06
0.0103894, 0.00283322, 0.00755536, 0.00419325, 7666, 75362, 526071
0.0104019, 0.00326607, 0.0071349, 0.00382539, 7476, 73704, 445137
0.00972149, 0.00367043, 0.00604941, 0.00299465, 7600, 74577, 360021
0.00848681, 0.00298389, 0.00550195, 0.00255302, 7765, 75431, 293970
0.00812015, 0.00290743, 0.00521202, 0.00241177, 7549, 73552, 282408
0.00823388, 0.00316908, 0.00506384, 0.00206605, 7354, 71304, 224967
0.00713767, 0.00274422, 0.00439257, 0.00180594, 7284, 70948, 193725
0.0563597, 0.00466233, 0.0142466, 0.0343096, 7693, 75646, 3.71731e+06
0.00998568, 0.0028025, 0.00718251, 0.00393339, 7856, 76568, 505161
0.00967096, 0.00272202, 0.00694812, 0.00376982, 7579, 74624, 479823
0.00803245, 0.0027656, 0.00526601, 0.00269663, 7388, 70368, 335667
0.00841062, 0.00275702, 0.00565273, 0.00277193, 7760, 73784, 315987
0.0716539, 0.00421647, 0.0113135, 0.0502087, 7677, 76564, 4.69097e+06
0.0108736, 0.00259342, 0.00827931, 0.00473678, 7134, 71471, 573303
0.0112981, 0.0036833, 0.00761388, 0.00429375, 7825, 78796, 537510
0.00955096, 0.00273507, 0.00681513, 0.0038105, 7747, 74743, 480930
0.00806491, 0.00248186, 0.00558233, 0.00291702, 7113, 69729, 367647
0.00821214, 0.002803, 0.00540832, 0.00274428, 7886, 76239, 340341
0.0605977, 0.00327405, 0.0197259, 0.0372055, 7628, 76696, 4.19811e+06
0.0110198, 0.00270594, 0.00831304, 0.00475872, 7345, 74160, 568260
0.009412, 0.00273725, 0.00667388, 0.00363005, 7864, 76528, 452148
0.00861005, 0.00259472, 0.00601341, 0.00320025, 7036, 70132, 394215
0.0123299, 0.00430646, 0.00802257, 0.00402744, 7538, 72914, 327426
0.0650812, 0.00267631, 0.0225891, 0.0378272, 7479, 76179, 4.40463e+06
0.011269, 0.00295545, 0.00831266, 0.00492065, 7742, 78317, 628038
0.0103592, 0.00360716, 0.00675107, 0.0036633, 7591, 75325, 456453
0.00876871, 0.00279272, 0.00597516, 0.00311003, 7172, 71333, 365556
0.00880811, 0.00273076, 0.00607665, 0.00314338, 7585, 74606, 377856
0.0670167, 0.00406103, 0.0178026, 0.0449032, 7153, 73829, 5.02898e+06
0.0121355, 0.00269574, 0.00943898, 0.00551854, 7294, 74672, 704544
0.0113432, 0.0027778, 0.00856441, 0.00490821, 7663, 77898, 608604
0.0103326, 0.00288116, 0.00745061, 0.00408663, 7431, 74362, 506022
0.0089712, 0.00270565, 0.00626472, 0.00321742, 7335, 72446, 391263
0.0543635, 0.0027864, 0.0157636, 0.0332456, 7537, 77795, 4.14485e+06
0.012179, 0.0028034, 0.00937481, 0.0053955, 7845, 78750, 620904
0.0103982, 0.00265202, 0.00774535, 0.0043542, 7390, 73974, 498642
0.0102613, 0.00343512, 0.00682518, 0.00368295, 7745, 76414, 420660
0.00846436, 0.00273816, 0.00572536, 0.00290096, 7695, 74638, 344031
0.0555211, 0.00288755, 0.014971, 0.0361011, 7870, 80321, 4.19541e+06
0.0104709, 0.0027917, 0.00767841, 0.00437268, 7563, 76509, 545751
0.0106877, 0.00380062, 0.00688631, 0.00383817, 7562, 75455, 471828
0.0106185, 0.00282845, 0.0077892, 0.00429408, 7755, 78584, 521889
0.0106712, 0.0027276, 0.00794216, 0.00432942, 6902, 70543, 501963
0.00959748, 0.00286467, 0.00673207, 0.00348383, 7724, 77154, 415248
0.00872862, 0.00291934, 0.00580809, 0.00272209, 7864, 75990, 297291
0.0667233, 0.00315191, 0.0143441, 0.0463689, 7640, 77994, 4.33514e+06
0.0107182, 0.00274623, 0.0079712, 0.00453313, 7388, 76248, 528039
0.00914042, 0.00258935, 0.00655018, 0.0035817, 7202, 73464, 436773
0.00975829, 0.00279721, 0.00696039, 0.00378826, 7726, 77401, 468630
0.010159, 0.00262116, 0.00753732, 0.00395938, 7508, 74461, 437265
0.00894327, 0.0026539, 0.00628856, 0.00303735, 7246, 73566, 339603
0.00797854, 0.00271062, 0.00526709, 0.00244402, 7671, 75961, 285237
0.0127958, 0.00437904, 0.00841567, 0.00394065, 7727, 75454, 304917
0.00744351, 0.00278893, 0.00465302, 0.00196207, 7792, 75920, 230010
0.0601629, 0.00291757, 0.0143556, 0.0389293, 7558, 77079, 4.50943e+06
0.0104828, 0.00343316, 0.00704875, 0.0038684, 7198, 72549, 476133
0.010934, 0.00307652, 0.00785668, 0.00435071, 7827, 78248, 463956
0.00916508, 0.0028855, 0.00627888, 0.00320427, 7701, 76032, 376011
0.00951018, 0.00282306, 0.00668618, 0.00322985, 7723, 75359, 332100
0.00876205, 0.00294526, 0.00581589, 0.00289052, 7296, 73628, 339726
0.0100901, 0.00320934, 0.00687955, 0.00318, 7630, 76255, 354117
0.00854082, 0.00345052, 0.00508945, 0.00228067, 7871, 76251, 272322
0.0849781, 0.00471761, 0.0171131, 0.0590696, 7822, 79956, 5.20536e+06
0.010503, 0.00257358, 0.00792889, 0.00434714, 6943, 72298, 540831
0.0111048, 0.0026714, 0.0084321, 0.00478636, 7449, 75007, 513525
0.00894742, 0.00275, 0.0061966, 0.00325537, 7409, 73329, 411066
0.00872064, 0.00279974, 0.00592008, 0.0030899, 7653, 76526, 387327
0.00784301, 0.00277604, 0.00506594, 0.00247526, 7795, 76781, 300981
0.0696937, 0.00349109, 0.0232282, 0.0464015, 7668, 79262, 4.52246e+06
0.0139516, 0.00308622, 0.0108645, 0.00632365, 7807, 80369, 602331
0.0111748, 0.00290726, 0.00826675, 0.00462951, 7738, 78575, 563709
0.00994355, 0.00285116, 0.0070916, 0.00379305, 7733, 78640, 460020
0.00911092, 0.00280953, 0.00630074, 0.0030748, 7526, 76222, 346122
0.00836593, 0.00284326, 0.00552165, 0.00275171, 7751, 76815, 311067
0.00972928, 0.00315671, 0.00657166, 0.00292039, 7731, 78016, 310821
0.0573682, 0.00495025, 0.014377, 0.0366563, 7473, 78273, 3.99209e+06
0.012479, 0.00297067, 0.00950756, 0.0052947, 7560, 78620, 634803
0.0132802, 0.00356471, 0.00971468, 0.00533834, 7809, 80785, 518199
0.00933697, 0.00264307, 0.00669297, 0.00335273, 7058, 73114, 404424
0.0140306, 0.00407997, 0.00994978, 0.00556696, 7762, 78358, 349566
0.00741149, 0.00261993, 0.0047908, 0.00221109, 7171, 72715, 273798
0.0762628, 0.0049137, 0.0115094, 0.0524514, 7024, 75307, 4.68741e+06
0.0141335, 0.00368629, 0.0104462, 0.00567949, 7751, 80388, 581421
0.0100748, 0.00310026, 0.00697361, 0.0037614, 7927, 81189, 464940
0.00887186, 0.0028262, 0.00604498, 0.00308471, 7666, 79268, 381546
0.00928526, 0.0028944, 0.00639001, 0.00322701, 7829, 80705, 398520
0.00981533, 0.00380317, 0.00601083, 0.00294215, 7853, 78845, 346860
0.0101531, 0.00376635, 0.00638592, 0.00282699, 7456, 74903, 302826
0.0441926, 0.00275903, 0.00763557, 0.0290095, 7627, 79469, 3.74141e+06
0.0102941, 0.00314112, 0.00715221, 0.00386954, 7750, 80845, 490893
0.00908263, 0.00275009, 0.00633164, 0.00307097, 7049, 73784, 350919
0.00903966, 0.00292105, 0.0061177, 0.00303103, 7863, 79549, 364695
0.01098, 0.00301951, 0.00795889, 0.00367839, 7309, 74696, 303933
0.0434587, 0.00261817, 0.00787291, 0.02864, 7011, 74720, 3.68557e+06
0.0100431, 0.00271486, 0.00732734, 0.00410531, 7600, 77875, 488433
0.0107479, 0.00308574, 0.00766071, 0.00417246, 7946, 81296, 456699
0.00972559, 0.00322331, 0.00650151, 0.00339326, 6951, 72192, 415740
0.00847767, 0.00261714, 0.00585953, 0.00280923, 7221, 73215, 336036
0.0087852, 0.00295066, 0.00583362, 0.00284174, 7869, 77779, 334929
0.0728257, 0.0100618, 0.0160405, 0.0444646, 7666, 79519, 4.94374e+06
0.0104283, 0.00268035, 0.00774717, 0.00436836, 7063, 73617, 551163
0.0124338, 0.00321095, 0.009222, 0.00468286, 7800, 79013, 513648
0.0144974, 0.00454173, 0.00995475, 0.00509428, 7718, 77250, 374535
0.0087107, 0.0033594, 0.00535035, 0.00241821, 7413, 73618, 269739
0.00815633, 0.00320024, 0.00495484, 0.00229768, 7772, 77682, 270231
0.00964163, 0.0030482, 0.0065923, 0.00315294, 7657, 75426, 269739
0.00791188, 0.00349306, 0.004418, 0.00191743, 7194, 71793, 217956
0.0906998, 0.00315781, 0.00938661, 0.0586063, 7830, 80567, 5.07547e+06
0.011941, 0.00281092, 0.00912949, 0.00522832, 7709, 78277, 603069
0.0105061, 0.00287063, 0.0076347, 0.00416949, 7848, 79044, 517830
0.00966768, 0.00298385, 0.00668306, 0.00360201, 7759, 77325, 451902
0.0104719, 0.00273396, 0.00773717, 0.00424421, 7712, 76744, 470598
0.00930733, 0.00292725, 0.00637911, 0.00321111, 7786, 76231, 387819
0.0080796, 0.00262096, 0.0054579, 0.00270382, 7212, 72100, 324966
0.00834543, 0.00271767, 0.0056269, 0.00271194, 7366, 72471, 253749
0.0652051, 0.00364221, 0.0146133, 0.0432585, 7689, 76388, 4.03969e+06
0.0107823, 0.00336917, 0.00741229, 0.00406269, 7867, 79080, 499995
0.00980974, 0.00279716, 0.00701184, 0.00364636, 7770, 77099, 423612
0.00912847, 0.00295371, 0.00617402, 0.00320189, 7666, 75915, 395568
0.00983749, 0.00360151, 0.00623484, 0.00291051, 7765, 76116, 275889
0.00752546, 0.00284206, 0.00468224, 0.00216961, 7637, 74667, 259653
0.0570255, 0.0044317, 0.0222733, 0.0372582, 7033, 70757, 3.41313e+06
0.00968491, 0.00268107, 0.00700318, 0.00382866, 7179, 71823, 470721
0.011371, 0.00326952, 0.00810059, 0.0039142, 7280, 72963, 375273
0.00796023, 0.00269768, 0.00526171, 0.00258904, 7729, 74204, 322998
0.00882081, 0.0028033, 0.00601656, 0.00290984, 7817, 74824, 270231
0.0065546, 0.00257177, 0.0039815, 0.00170783, 7017, 67393, 201597
0.0542239, 0.00278235, 0.0204408, 0.0364681, 7755, 75822, 3.23281e+06
0.00998359, 0.00276371, 0.00721908, 0.00393026, 7746, 76341, 472074
0.00943761, 0.00284044, 0.00659597, 0.00338555, 7764, 76966, 419922
0.00846304, 0.00278912, 0.00567273, 0.0029629, 7413, 72299, 360882
0.00843277, 0.00274596, 0.00568596, 0.00286004, 7808, 75374, 349812
0.0105317, 0.00361663, 0.00691432, 0.00361419, 7750, 76476, 439725
0.0135139, 0.00276625, 0.0107469, 0.00636307, 7780, 76486, 795687
0.0146656, 0.00327325, 0.0113913, 0.00674897, 7201, 73008, 794211
0.0421848, 0.00330266, 0.011803, 0.0268777, 7240, 75521, 3.51153e+06
0.014292, 0.00343465, 0.0108564, 0.00626757, 7781, 77057, 570474
0.00945862, 0.00279077, 0.006667, 0.00351231, 7801, 75779, 421521
0.00950828, 0.00370649, 0.00580078, 0.00278958, 7226, 72211, 312297
0.00796107, 0.00265734, 0.00530297, 0.00264792, 7656, 74628, 310698
0.00718466, 0.00263257, 0.00455122, 0.00204724, 7545, 72837, 213651
0.0069239, 0.00261663, 0.00430652, 0.00196565, 7685, 73813, 214389
0.0535447, 0.0037187, 0.0180963, 0.0340787, 7788, 78316, 2.63823e+06
0.0103031, 0.00337984, 0.00692228, 0.00388122, 7426, 74771, 480684
0.00907271, 0.00266615, 0.0064056, 0.00338884, 7357, 75372, 401595
0.00869553, 0.00292597, 0.00576878, 0.00288252, 7712, 76012, 342432
0.00820462, 0.00281465, 0.00538883, 0.00263227, 7908, 78137, 307131
0.00795523, 0.00287, 0.00508422, 0.00238022, 7619, 75602, 271338
0.00760423, 0.00280512, 0.00479827, 0.00214111, 7808, 77370, 245631
0.0558445, 0.00304143, 0.0202794, 0.0370417, 7815, 80518, 3.7301e+06
0.0148781, 0.00382102, 0.0110562, 0.00624078, 7711, 80583, 626070
0.00986569, 0.00278722, 0.00707768, 0.00383441, 7644, 77426, 483267
0.0102857, 0.003053, 0.00723178, 0.0037218, 7872, 78552, 429024
0.00955821, 0.0028484, 0.00670859, 0.00330212, 7014, 71697, 371337
0.0547118, 0.00296701, 0.0208163, 0.0294722, 7750, 79880, 3.57721e+06
0.0115007, 0.00274982, 0.00875007, 0.00494103, 7517, 77527, 620781
0.0104354, 0.00275311, 0.00768161, 0.00426217, 7582, 78417, 545997
0.00911956, 0.00266432, 0.00645442, 0.00349084, 7192, 73459, 433698
0.00899109, 0.00284085, 0.00614935, 0.0031461, 7587, 76897, 379086
0.00812646, 0.0027231, 0.00540254, 0.00268274, 7597, 76286, 330624
0.0105001, 0.00283539, 0.00766388, 0.00398637, 7737, 76779, 414510
0.0736485, 0.00301183, 0.0336201, 0.049668, 7817, 82054, 4.29061e+06
0.0124421, 0.00370157, 0.00873958, 0.00497226, 7616, 79107, 620166
0.0116874, 0.00267895, 0.00900761, 0.00502126, 7251, 74329, 548457
0.0120684, 0.00274303, 0.0093245, 0.00514265, 7329, 76231, 453378
0.00905678, 0.00284406, 0.00621195, 0.00320065, 7610, 77538, 392493
0.00834811, 0.00254441, 0.00580281, 0.00288825, 7104, 71877, 346491
0.0693234, 0.00355238, 0.0274637, 0.0468375, 7478, 79273, 4.14485e+06
0.0128844, 0.00354708, 0.0093365, 0.00532524, 7579, 78004, 634188
0.0119884, 0.00282307, 0.00916444, 0.00503788, 7858, 80544, 526440
0.0108668, 0.00321307, 0.00765279, 0.00395126, 7881, 80919, 453132
0.00959026, 0.0030429, 0.00654641, 0.00333078, 7715, 78119, 403563
0.0119359, 0.00391283, 0.00802189, 0.00376489, 7697, 77260, 328287
0.0110794, 0.00288061, 0.00819792, 0.00362532, 7866, 78185, 254733
0.0469836, 0.00288802, 0.00860199, 0.0304309, 7662, 80470, 3.78742e+06
0.0108588, 0.00320992, 0.00764812, 0.00407184, 7643, 78928, 473304
0.0096826, 0.0028719, 0.00680983, 0.00351929, 7761, 80359, 423981
0.00906197, 0.0027927, 0.00626847, 0.00305456, 7677, 78966, 371952
0.0116972, 0.00350865, 0.00818733, 0.0041747, 7730, 77227, 328533
0.00961926, 0.00300101, 0.00661755, 0.00346618, 7763, 77078, 390156
0.0414616, 0.00272544, 0.0112321, 0.0253484, 7171, 77358, 3.18041e+06
0.0136278, 0.00304803, 0.0105787, 0.0061723, 7703, 82461, 758541
0.0125255, 0.00313979, 0.00938435, 0.00523883, 7922, 82515, 595689
0.00954818, 0.00271005, 0.00683731, 0.00348752, 6991, 75548, 407991
0.0128313, 0.00446344, 0.0083669, 0.00411158, 7784, 81194, 348336
0.0099076, 0.00308999, 0.00681663, 0.00334746, 7850, 81099, 332961
0.00951904, 0.00293066, 0.00658746, 0.00326213, 7753, 81066, 348213
0.00863624, 0.00280647, 0.00582874, 0.00281188, 7505, 78454, 323490
0.00967977, 0.00291158, 0.00676727, 0.00352601, 7677, 79451, 392001
0.00922104, 0.00291266, 0.00630738, 0.00316556, 7693, 80335, 363957
0.0094123, 0.00345768, 0.00595318, 0.00287922, 7757, 81244, 315126
0.0111735, 0.00263811, 0.00552374, 0.00254033, 7234, 77143, 275397
0.0133029, 0.00458749, 0.00871429, 0.00373025, 7479, 78554, 227550
0.00690314, 0.00263194, 0.00427059, 0.0018191, 7043, 74936, 191388
0.00858703, 0.00273155, 0.00585444, 0.00246309, 7250, 77058, 208977
0.00708252, 0.00290265, 0.00417907, 0.00168851, 7721, 80845, 171093
0.00884448, 0.00381072, 0.00503281, 0.00187374, 7700, 80659, 154980
0.00685281, 0.00361408, 0.00323758, 0.00105423, 7859, 81732, 103566
0.00723859, 0.00329311, 0.00394448, 0.00109269, 7619, 79869, 88929
0.00582601, 0.00294213, 0.00288317, 0.000722132, 7744, 80054, 62976
0.00615323, 0.00352327, 0.00262905, 0.000657336, 7883, 82608, 61746
0.00692224, 0.00300096, 0.00392052, 0.00141843, 7543, 79187, 149076
0.011955, 0.00543807, 0.00651538, 0.00197846, 7456, 77893, 112176
0.00656943, 0.00319659, 0.00337188, 0.000967534, 7870, 81762, 98769
0.00534124, 0.00262098, 0.00271945, 0.000499088, 6996, 74007, 41205
0.00511794, 0.00269752, 0.00241941, 0.000375534, 7423, 77432, 28905
0.00526789, 0.00292862, 0.00233823, 0.000385324, 7914, 80699, 30996
0.00539732, 0.00292426, 0.00247206, 0.000430928, 7631, 80113, 36162
0.00508477, 0.00297052, 0.00211352, 0.000300184, 7807, 80279, 22509
0.00589554, 0.00287388, 0.00302067, 0.000430562, 7871, 79861, 25830
0.00527461, 0.00304875, 0.00222505, 0.000258198, 7544, 77990, 20664
0.00756962, 0.00436658, 0.0032019, 0.000435143, 7709, 79116, 32595
0.00893335, 0.00441904, 0.00451091, 0.000550507, 7891, 80119, 29274
0.00490293, 0.00271883, 0.00218287, 0.000299467, 7104, 73948, 24231
0.00547832, 0.00282494, 0.0026526, 0.000383322, 7663, 78720, 25584
0.00579567, 0.00356394, 0.00223069, 0.000228387, 7868, 79968, 16728
0.00543882, 0.00298645, 0.00245157, 0.000387054, 7294, 75559, 34071
0.00780862, 0.00282458, 0.00498314, 0.00186457, 7226, 76067, 193848
0.0362022, 0.00382577, 0.00862574, 0.0200371, 7823, 82759, 2.4151e+06
0.0088947, 0.00277683, 0.00611686, 0.00307226, 7235, 77095, 374658
0.00959332, 0.00353206, 0.00606053, 0.0027507, 7805, 81891, 272568
0.0110051, 0.00362949, 0.00737463, 0.00327948, 7824, 81522, 248214
0.00780169, 0.00296889, 0.00483174, 0.00203584, 7500, 76036, 199014
0.00699067, 0.00280913, 0.00418082, 0.00168006, 7462, 75289, 192864
0.0628834, 0.0119069, 0.0141304, 0.0332254, 7683, 81207, 3.64732e+06
0.0104514, 0.00288593, 0.00756482, 0.00409781, 7818, 81379, 504054
0.00926913, 0.00329498, 0.00597302, 0.00307457, 7557, 77780, 382407
0.00913937, 0.00313068, 0.00600773, 0.00273893, 7842, 80381, 304548
0.00820596, 0.00344736, 0.00475746, 0.00222886, 7747, 79462, 284130
0.00749906, 0.00293, 0.00456835, 0.00199781, 7658, 76736, 241695
0.0441502, 0.00307058, 0.0098273, 0.0284789, 7899, 83046, 3.62493e+06
0.0113683, 0.00294369, 0.00842388, 0.00467654, 7629, 80590, 590277
0.0136103, 0.00369005, 0.00991933, 0.00510996, 7650, 79069, 412788
0.00884592, 0.00288984, 0.00595528, 0.00288301, 7795, 79038, 336897
0.00801054, 0.00302628, 0.00498351, 0.00224504, 7661, 78435, 276012
0.00779807, 0.00266574, 0.0051315, 0.0023379, 7381, 74528, 264450
0.0643378, 0.00305338, 0.0206107, 0.0438081, 7414, 77237, 4.56084e+06
0.0127738, 0.00327416, 0.00949848, 0.00547922, 7523, 78519, 633573
0.0119613, 0.00309418, 0.00886529, 0.00447175, 7735, 78664, 509220
0.00996642, 0.00313201, 0.00683353, 0.00358914, 7742, 78261, 448950
0.00832317, 0.00292134, 0.00540051, 0.00258441, 6966, 71196, 307746
0.00854242, 0.00279916, 0.00574247, 0.00274456, 7752, 75688, 329394
0.00867056, 0.00342473, 0.00524488, 0.00229908, 7779, 75960, 263589
0.0761708, 0.00303546, 0.0137467, 0.0524102, 7257, 75066, 5.4473e+06
0.0124182, 0.00283703, 0.00958026, 0.00565037, 7542, 76594, 603438
0.0115502, 0.00294401, 0.00860536, 0.00485929, 7851, 79391, 530376
0.00970179, 0.00278031, 0.00692065, 0.00377353, 7725, 77118, 447966
0.00911454, 0.00316892, 0.00594487, 0.00310035, 7797, 75971, 375642
0.00864898, 0.00275521, 0.00589296, 0.00307728, 7771, 75117, 369123
0.00816108, 0.00293947, 0.00522068, 0.00251045, 7691, 72690, 268509
0.0754137, 0.00467706, 0.0122109, 0.0439084, 7775, 76646, 5.3858e+06
0.0135898, 0.0037634, 0.0098255, 0.00584305, 7952, 77257, 617829
0.0129999, 0.0040096, 0.00898916, 0.00506818, 7395, 72568, 476871
0.00942929, 0.00249793, 0.00693057, 0.00381488, 7143, 69293, 446490
0.00885064, 0.00277714, 0.00607262, 0.0032399, 7899, 75110, 390402
0.00861839, 0.00315342, 0.00546378, 0.00269051, 7372, 69293, 300981
0.00726939, 0.00289007, 0.00437843, 0.00211553, 7781, 70661, 252765
0.0860932, 0.00297951, 0.0092514, 0.062544, 7822, 73253, 5.0617e+06
0.0120376, 0.00266769, 0.00936941, 0.00546656, 7575, 71360, 640461
0.013813, 0.00442002, 0.00939147, 0.00528, 7614, 70925, 530253
0.00886197, 0.00271877, 0.00614241, 0.00329962, 7934, 72282, 408975
0.00795525, 0.00261118, 0.00534339, 0.00278562, 7617, 69089, 337635
0.00916933, 0.00268996, 0.00647806, 0.00349042, 7739, 68471, 420906
0.0131984, 0.00273089, 0.0104667, 0.00628995, 7864, 72274, 724962
0.0123339, 0.0027232, 0.00960984, 0.00579258, 7731, 70184, 705774
0.00935324, 0.00261428, 0.00673813, 0.00369598, 7735, 69925, 451164
0.00766274, 0.00266551, 0.00499645, 0.00242894, 7863, 71562, 284622
0.00778104, 0.00329694, 0.00448315, 0.00167229, 7810, 70685, 167280
0.00541974, 0.00234951, 0.00306949, 0.00121608, 7029, 64055, 137637
0.00829051, 0.00271984, 0.00556976, 0.00271993, 7899, 71310, 324351
0.00856819, 0.00255178, 0.00601558, 0.00313893, 7519, 68648, 382038
0.0108266, 0.00340299, 0.00742286, 0.00390417, 7792, 71186, 457437
0.0125853, 0.00408998, 0.00849446, 0.00439822, 7865, 72085, 343293
0.00724531, 0.00278572, 0.00445878, 0.00200274, 7681, 70663, 233823
0.00619515, 0.00275661, 0.00343772, 0.00121078, 7722, 70265, 129027
0.00550313, 0.00267201, 0.00283039, 0.000844505, 7851, 70193, 85239
0.00500008, 0.00255496, 0.00244437, 0.000596626, 7564, 69045, 58425
0.00480417, 0.00260708, 0.00219624, 0.000459722, 7730, 68874, 45387
0.00499318, 0.00254279, 0.00244957, 0.000589612, 7525, 68544, 61131
0.0062819, 0.00266035, 0.0036207, 0.000684314, 7648, 69656, 42927
0.00463455, 0.00261475, 0.00201855, 0.000322133, 7705, 70680, 28167
0.00494998, 0.0025718, 0.00237737, 0.000321058, 7747, 70379, 27552
0.0052921, 0.00335043, 0.00194061, 0.000315989, 7683, 69376, 28413
0.00451392, 0.00261854, 0.00189459, 0.000352637, 7335, 66616, 33579
0.00534536, 0.00336375, 0.00198055, 0.000344042, 7932, 71262, 28413
0.00456512, 0.00261616, 0.00194786, 0.000259121, 7737, 69769, 19680
0.00418333, 0.00254453, 0.00163786, 0.000167776, 7383, 67019, 13038
0.00451629, 0.00282717, 0.0016882, 0.000154137, 7614, 69137, 11316
0.00396409, 0.00235099, 0.00161236, 0.000133394, 6964, 64805, 9963
0.0047049, 0.00282127, 0.00188228, 0.000186982, 7149, 66035, 13161
0.0051586, 0.00304878, 0.00210892, 0.00023103, 7900, 70608, 16236
0.00530597, 0.00265776, 0.00264692, 0.000139871, 7730, 70315, 10455
0.00410532, 0.00246189, 0.00164242, 0.000122863, 7006, 63548, 8979
0.00424927, 0.00259342, 0.00165503, 9.772e-05, 7842, 69708, 7257
0.00401669, 0.0024872, 0.00152875, 8.4301e-05, 7350, 67331, 5535
0.00389792, 0.00238692, 0.00150986, 6.6901e-05, 7084, 64948, 4551
0.00428369, 0.00258998, 0.00169275, 0.00010459, 7814, 70750, 7380
0.00430756, 0.00271586, 0.00159067, 8.2852e-05, 7680, 69045, 5904
0.00396267, 0.00236383, 0.00159819, 0.00010559, 7068, 64621, 8610
0.00428579, 0.00261921, 0.00166556, 7.6256e-05, 7718, 69957, 4920
0.00416442, 0.00257071, 0.00159285, 6.0827e-05, 7751, 69930, 4305
0.00415344, 0.00259903, 0.00155354, 6.7478e-05, 7289, 67683, 4182
0.00440468, 0.00280856, 0.0015948, 5.8002e-05, 7934, 71801, 3813
0.00403844, 0.00257759, 0.00146006, 7.2617e-05, 7668, 69315, 5904
0.00431631, 0.00261461, 0.00170082, 9.2499e-05, 7612, 68781, 6396
0.00420433, 0.00249864, 0.00170487, 5.6489e-05, 7207, 66467, 3936
0.00418735, 0.00267352, 0.00151264, 6.7235e-05, 7117, 64864, 4428
0.00401649, 0.00251869, 0.00149647, 5.1631e-05, 7640, 68541, 3321
0.00521166, 0.00367041, 0.00154023, 3.9554e-05, 7481, 68536, 2460
0.004409, 0.00274355, 0.00166475, 7.7391e-05, 7734, 70421, 5289
0.00418948, 0.00252653, 0.00166211, 4.1066e-05, 7594, 68788, 2706
0.0043286, 0.00265507, 0.00167252, 6.7152e-05, 7918, 71228, 4182
